Timestamp,User Count,Type,Name,Requests/s,Failures/s,50%,66%,75%,80%,90%,95%,98%,99%,99.9%,99.99%,100%,Total Request Count,Total Failure Count,Total Median Response Time,Total Average Response Time,Total Min Response Time,Total Max Response Time,Total Average Content Size
1787310585,0,,Aggregated,0.000000,0.000000,N/A,N/A,N/A,N/A,N/A,N/A,N/A,N/A,N/A,N/A,N/A,0,0,0,0.0,0,0,0
1787310586,2,POST,POST /predict,0.000000,0.000000,0,0,0,0,0,0,0,0,0,0,0,2,0,334.9084719957318,379.97899299807614,334.9084719957318,425.04951400042046,44.0
1787310586,2,,Aggregated,0.000000,0.000000,0,0,0,0,0,0,0,0,0,0,0,2,0,334.9084719957318,379.97899299807614,334.9084719957318,425.04951400042046,44.0
1787310587,4,POST,POST /predict,0.000000,0.000000,98,98,170,170,170,170,170,170,170,170,170,5,0,170,225.23816479952075,94.48600099858595,425.04951400042046,44.0
1787310587,4,,Aggregated,0.000000,0.000000,98,98,170,170,170,170,170,170,170,170,170,5,0,170,225.23816479952075,94.48600099858595,425.04951400042046,44.0
1787310588,6,POST,POST /predict,0.000000,0.000000,190,190,300,300,470,470,470,470,470,470,470,8,0,190,260.3297748737532,94.48600099858595,466.8791410003905,44.0
1787310588,6,,Aggregated,0.000000,0.000000,190,190,300,300,470,470,470,470,470,470,470,8,0,190,260.3297748737532,94.48600099858595,466.8791410003905,44.0
1787310589,8,POST,POST /predict,2.500000,0.000000,190,230,300,300,350,470,470,470,470,470,470,13,0,200,241.1227202302633,94.48600099858595,466.8791410003905,44.0
1787310589,8,,Aggregated,2.500000,0.000000,190,230,300,300,350,470,470,470,470,470,470,13,0,200,241.1227202302633,94.48600099858595,466.8791410003905,44.0
1787310590,10,POST,POST /predict,2.500000,0.000000,200,280,300,350,420,470,470,470,470,470,470,19,0,230,249.7019765781404,94.48600099858595,466.8791410003905,44.0
1787310590,10,,Aggregated,2.500000,0.000000,200,280,300,350,420,470,470,470,470,470,470,19,0,230,249.7019765781404,94.48600099858595,466.8791410003905,44.0
1787310591,10,POST,POST /predict,2.666667,0.000000,230,280,300,350,420,470,470,470,470,470,470,20,0,230,251.60764184911386,94.48600099858595,466.8791410003905,44.0
1787310591,10,,Aggregated,2.666667,0.000000,230,280,300,350,420,470,470,470,470,470,470,20,0,230,251.60764184911386,94.48600099858595,466.8791410003905,44.0
1787310592,10,POST,POST /predict,3.800000,0.000000,200,280,300,330,380,420,470,470,470,470,470,25,0,230,238.11206535930978,94.48600099858595,466.8791410003905,44.0
1787310592,10,,Aggregated,3.800000,0.000000,200,280,300,330,380,420,470,470,470,470,470,25,0,230,238.11206535930978,94.48600099858595,466.8791410003905,44.0
1787310593,10,POST,POST /predict,3.333333,0.000000,280,350,420,470,680,740,800,800,800,800,800,32,0,280,317.2280389367188,94.48600099858595,795.4649620005512,44.0
1787310593,10,,Aggregated,3.333333,0.000000,280,350,420,470,680,740,800,800,800,800,800,32,0,280,317.2280389367188,94.48600099858595,795.4649620005512,44.0
1787310594,10,POST,POST /predict,3.333333,0.000000,250,350,390,460,620,740,800,800,800,800,800,36,0,250,306.96002169376396,94.48600099858595,795.4649620005512,44.0
1787310594,10,,Aggregated,3.333333,0.000000,250,350,390,460,620,740,800,800,800,800,800,36,0,250,306.96002169376396,94.48600099858595,795.4649620005512,44.0
1787310595,10,POST,POST /predict,3.428571,0.000000,240,330,380,420,620,740,800,800,800,800,800,40,0,240,298.43650127440924,94.48600099858595,795.4649620005512,44.0
1787310595,10,,Aggregated,3.428571,0.000000,240,330,380,420,620,740,800,800,800,800,800,40,0,240,298.43650127440924,94.48600099858595,795.4649620005512,44.0
1787310596,10,POST,POST /predict,3.875000,0.000000,280,360,420,470,620,740,800,800,800,800,800,44,0,250,309.6921571131216,94.48600099858595,795.4649620005512,44.0
1787310596,10,,Aggregated,3.875000,0.000000,280,360,420,470,620,740,800,800,800,800,800,44,0,250,309.6921571131216,94.48600099858595,795.4649620005512,44.0
1787310597,10,POST,POST /predict,4.000000,0.000000,290,360,390,440,530,680,800,800,800,800,800,50,0,280,307.6699303195346,94.48600099858595,795.4649620005512,44.0
1787310597,10,,Aggregated,4.000000,0.000000,290,360,390,440,530,680,800,800,800,800,800,50,0,280,307.6699303195346,94.48600099858595,795.4649620005512,44.0
1787310598,10,POST,POST /predict,4.200000,0.000000,290,370,420,460,620,740,800,800,800,800,800,52,0,250,301.23149253799613,94.48600099858595,795.4649620005512,44.0
1787310598,10,,Aggregated,4.200000,0.000000,290,370,420,460,620,740,800,800,800,800,800,52,0,250,301.23149253799613,94.48600099858595,795.4649620005512,44.0
1787310599,10,POST,POST /predict,4.500000,0.000000,300,380,440,480,620,740,800,800,800,800,800,58,0,280,304.3235436893281,94.48600099858595,795.4649620005512,44.0
1787310599,10,,Aggregated,4.500000,0.000000,300,380,440,480,620,740,800,800,800,800,800,58,0,280,304.3235436893281,94.48600099858595,795.4649620005512,44.0
1787310600,10,POST,POST /predict,4.300000,0.000000,330,390,440,480,530,680,800,800,800,800,800,62,0,290,306.38762788681385,94.48600099858595,795.4649620005512,44.0
1787310600,10,,Aggregated,4.300000,0.000000,330,390,440,480,530,680,800,800,800,800,800,62,0,290,306.38762788681385,94.48600099858595,795.4649620005512,44.0
1787310601,10,POST,POST /predict,4.300000,0.000000,330,400,440,480,530,680,800,800,800,800,800,65,0,280,300.1587439227688,88.62565400340827,795.4649620005512,44.0
1787310601,10,,Aggregated,4.300000,0.000000,330,400,440,480,530,680,800,800,800,800,800,65,0,280,300.1587439227688,88.62565400340827,795.4649620005512,44.0
1787310602,10,POST,POST /predict,4.200000,0.000000,290,380,400,440,530,650,690,690,690,690,690,71,0,280,309.05265111249093,87.16620499762939,795.4649620005512,44.0
1787310602,10,,Aggregated,4.200000,0.000000,290,380,400,440,530,650,690,690,690,690,690,71,0,280,309.05265111249093,87.16620499762939,795.4649620005512,44.0
1787310603,10,POST,POST /predict,4.500000,0.000000,280,380,430,460,530,650,690,690,690,690,690,75,0,280,307.8051125065152,87.16620499762939,795.4649620005512,44.0
1787310603,10,,Aggregated,4.500000,0.000000,280,380,430,460,530,650,690,690,690,690,690,75,0,280,307.8051125065152,87.16620499762939,795.4649620005512,44.0
1787310604,10,POST,POST /predict,4.500000,0.000000,300,400,440,470,530,650,690,690,690,690,690,78,0,270,308.0480743332233,87.16620499762939,795.4649620005512,44.0
1787310604,10,,Aggregated,4.500000,0.000000,300,400,440,470,530,650,690,690,690,690,690,78,0,270,308.0480743332233,87.16620499762939,795.4649620005512,44.0
1787310605,10,POST,POST /predict,4.200000,0.000000,270,330,400,440,500,650,690,690,690,690,690,83,0,270,303.940267228898,87.16620499762939,795.4649620005512,44.0
1787310605,10,,Aggregated,4.200000,0.000000,270,330,400,440,500,650,690,690,690,690,690,83,0,270,303.940267228898,87.16620499762939,795.4649620005512,44.0
1787310606,10,POST,POST /predict,4.200000,0.000000,270,330,400,430,500,650,690,690,690,690,690,87,0,280,304.6007193333099,87.16620499762939,795.4649620005512,44.0
1787310606,10,,Aggregated,4.200000,0.000000,270,330,400,430,500,650,690,690,690,690,690,87,0,280,304.6007193333099,87.16620499762939,795.4649620005512,44.0
1787310607,10,POST,POST /predict,4.200000,0.000000,280,350,400,460,530,650,690,690,690,690,690,91,0,280,307.4802147251091,87.16620499762939,795.4649620005512,44.0
1787310607,10,,Aggregated,4.200000,0.000000,280,350,400,460,530,650,690,690,690,690,690,91,0,280,307.4802147251091,87.16620499762939,795.4649620005512,44.0
1787310608,10,POST,POST /predict,4.200000,0.000000,300,360,430,460,530,650,690,690,690,690,690,93,0,280,309.52066466656964,87.16620499762939,795.4649620005512,44.0
1787310608,10,,Aggregated,4.200000,0.000000,300,360,430,460,530,650,690,690,690,690,690,93,0,280,309.52066466656964,87.16620499762939,795.4649620005512,44.0
1787310609,10,POST,POST /predict,4.000000,0.000000,300,360,470,530,650,850,980,980,980,980,980,97,0,290,327.9070440721344,87.16620499762939,984.9505140009569,44.0
1787310609,10,,Aggregated,4.000000,0.000000,300,360,470,530,650,850,980,980,980,980,980,97,0,290,327.9070440721344,87.16620499762939,984.9505140009569,44.0
1787310610,10,POST,POST /predict,4.000000,0.000000,360,540,650,690,980,1300,1300,1300,1300,1300,1300,103,0,300,368.414457155365,87.16620499762939,1304.105586001242,44.0
1787310610,10,,Aggregated,4.000000,0.000000,360,540,650,690,980,1300,1300,1300,1300,1300,1300,103,0,300,368.414457155365,87.16620499762939,1304.105586001242,44.0
1787310611,10,POST,POST /predict,4.200000,0.000000,330,460,620,690,980,1300,1300,1300,1300,1300,1300,106,0,300,361.1733444810835,87.16620499762939,1304.105586001242,44.0
1787310611,10,,Aggregated,4.200000,0.000000,330,460,620,690,980,1300,1300,1300,1300,1300,1300,106,0,300,361.1733444810835,87.16620499762939,1304.105586001242,44.0
1787310612,10,POST,POST /predict,4.000000,0.000000,320,460,560,690,980,1300,1300,1300,1300,1300,1300,110,0,290,352.5583381908787,87.16620499762939,1304.105586001242,44.0
1787310612,10,,Aggregated,4.000000,0.000000,320,460,560,690,980,1300,1300,1300,1300,1300,1300,110,0,290,352.5583381908787,87.16620499762939,1304.105586001242,44.0
1787310613,10,POST,POST /predict,4.100000,0.000000,330,410,620,690,980,1300,1300,1300,1300,1300,1300,114,0,290,352.097392596382,87.16620499762939,1304.105586001242,44.0
1787310613,10,,Aggregated,4.100000,0.000000,330,410,620,690,980,1300,1300,1300,1300,1300,1300,114,0,290,352.097392596382,87.16620499762939,1304.105586001242,44.0
1787310614,10,POST,POST /predict,4.000000,0.000000,390,560,620,690,980,1300,1300,1300,1300,1300,1300,119,0,300,357.63484876462996,87.16620499762939,1304.105586001242,44.0
1787310614,10,,Aggregated,4.000000,0.000000,390,560,620,690,980,1300,1300,1300,1300,1300,1300,119,0,300,357.63484876462996,87.16620499762939,1304.105586001242,44.0
1787310615,10,POST,POST /predict,4.000000,0.000000,350,530,620,690,980,1300,1300,1300,1300,1300,1300,125,0,290,352.8095358799328,87.16620499762939,1304.105586001242,44.0
1787310615,10,,Aggregated,4.000000,0.000000,350,530,620,690,980,1300,1300,1300,1300,1300,1300,125,0,290,352.8095358799328,87.16620499762939,1304.105586001242,44.0
1787310616,10,POST,POST /predict,4.000000,0.000000,360,560,630,690,980,1300,1300,1300,1300,1300,1300,126,0,290,350.7806136348379,87.16620499762939,1304.105586001242,44.0
1787310616,10,,Aggregated,4.000000,0.000000,360,560,630,690,980,1300,1300,1300,1300,1300,1300,126,0,290,350.7806136348379,87.16620499762939,1304.105586001242,44.0
1787310617,10,POST,POST /predict,4.100000,0.000000,340,560,630,690,980,1300,1300,1300,1300,1300,1300,129,0,290,349.72666382936035,87.16620499762939,1304.105586001242,44.0
1787310617,10,,Aggregated,4.100000,0.000000,340,560,630,690,980,1300,1300,1300,1300,1300,1300,129,0,290,349.72666382936035,87.16620499762939,1304.105586001242,44.0
1787310618,10,POST,POST /predict,4.000000,0.000000,340,580,720,820,1200,1300,1400,1400,1400,1400,1400,132,0,290,367.2899560302595,87.16620499762939,1410.0452870043227,44.0
1787310618,10,,Aggregated,4.000000,0.000000,340,580,720,820,1200,1300,1400,1400,1400,1400,1400,132,0,290,367.2899560302595,87.16620499762939,1410.0452870043227,44.0
1787310619,10,POST,POST /predict,3.800000,0.000000,280,490,600,630,1400,1600,1600,1600,1600,1600,1600,135,0,300,394.45452403694316,87.16620499762939,1628.1059799948707,44.0
1787310619,10,,Aggregated,3.800000,0.000000,280,490,600,630,1400,1600,1600,1600,1600,1600,1600,135,0,300,394.45452403694316,87.16620499762939,1628.1059799948707,44.0
1787310620,10,POST,POST /predict,3.800000,0.000000,410,630,1100,1200,1400,1600,1600,1600,1600,1600,1600,140,0,300,423.5275582499266,87.16620499762939,1628.1059799948707,44.0
1787310620,10,,Aggregated,3.800000,0.000000,410,630,1100,1200,1400,1600,1600,1600,1600,1600,1600,140,0,300,423.5275582499266,87.16620499762939,1628.1059799948707,44.0
1787310621,10,POST,POST /predict,3.800000,0.000000,490,780,1100,1200,1400,1600,1600,1600,1600,1600,1600,144,0,300,421.01911051385184,87.16620499762939,1628.1059799948707,44.0
1787310621,10,,Aggregated,3.800000,0.000000,490,780,1100,1200,1400,1600,1600,1600,1600,1600,1600,144,0,300,421.01911051385184,87.16620499762939,1628.1059799948707,44.0
1787310622,10,POST,POST /predict,3.600000,0.000000,480,630,1100,1200,1400,1600,1600,1600,1600,1600,1600,151,0,310,419.4308837217226,87.16620499762939,1628.1059799948707,44.0
1787310622,10,,Aggregated,3.600000,0.000000,480,630,1100,1200,1400,1600,1600,1600,1600,1600,1600,151,0,310,419.4308837217226,87.16620499762939,1628.1059799948707,44.0
1787310623,10,POST,POST /predict,3.800000,0.000000,390,490,1100,1200,1400,1600,1600,1600,1600,1600,1600,154,0,310,418.2248393440027,87.16620499762939,1628.1059799948707,44.0
1787310623,10,,Aggregated,3.800000,0.000000,390,490,1100,1200,1400,1600,1600,1600,1600,1600,1600,154,0,310,418.2248393440027,87.16620499762939,1628.1059799948707,44.0
1787310624,10,POST,POST /predict,3.900000,0.000000,420,780,1100,1200,1400,1600,1600,1600,1600,1600,1600,157,0,310,414.37935340111653,87.16620499762939,1628.1059799948707,44.0
1787310624,10,,Aggregated,3.900000,0.000000,420,780,1100,1200,1400,1600,1600,1600,1600,1600,1600,157,0,310,414.37935340111653,87.16620499762939,1628.1059799948707,44.0
1787310625,10,POST,POST /predict,4.000000,0.000000,410,490,1100,1200,1400,1600,1600,1600,1600,1600,1600,163,0,310,410.5386359200554,87.16620499762939,1628.1059799948707,44.0
1787310625,10,,Aggregated,4.000000,0.000000,410,490,1100,1200,1400,1600,1600,1600,1600,1600,1600,163,0,310,410.5386359200554,87.16620499762939,1628.1059799948707,44.0
1787310626,10,POST,POST /predict,4.000000,0.000000,410,490,1100,1200,1400,1600,1600,1600,1600,1600,1600,166,0,300,406.32476656007265,87.16620499762939,1628.1059799948707,44.0
1787310626,10,,Aggregated,4.000000,0.000000,410,490,1100,1200,1400,1600,1600,1600,1600,1600,1600,166,0,300,406.32476656007265,87.16620499762939,1628.1059799948707,44.0
1787310627,10,POST,POST /predict,3.800000,0.000000,330,420,480,1100,1300,1500,1600,1600,1600,1600,1600,174,0,290,396.85418894809663,87.16620499762939,1628.1059799948707,44.0
1787310627,10,,Aggregated,3.800000,0.000000,330,420,480,1100,1300,1500,1600,1600,1600,1600,1600,174,0,290,396.85418894809663,87.16620499762939,1628.1059799948707,44.0
1787310628,10,POST,POST /predict,4.000000,0.000000,330,370,440,480,1200,1300,1600,1600,1600,1600,1600,176,0,290,396.31135979528733,87.16620499762939,1628.1059799948707,44.0
1787310628,10,,Aggregated,4.000000,0.000000,330,370,440,480,1200,1300,1600,1600,1600,1600,1600,176,0,290,396.31135979528733,87.16620499762939,1628.1059799948707,44.0
1787310629,10,POST,POST /predict,4.500000,0.000000,260,350,370,410,480,480,1100,1100,1100,1100,1100,180,0,290,393.4802247942975,83.44883300014772,1628.1059799948707,44.0
1787310629,10,,Aggregated,4.500000,0.000000,260,350,370,410,480,480,1100,1100,1100,1100,1100,180,0,290,393.4802247942975,83.44883300014772,1628.1059799948707,44.0
1787310630,10,POST,POST /predict,4.400000,0.000000,280,350,390,410,480,480,600,600,600,600,600,184,0,290,393.31691717922257,83.44883300014772,1628.1059799948707,44.0
1787310630,10,,Aggregated,4.400000,0.000000,280,350,390,410,480,480,600,600,600,600,600,184,0,290,393.31691717922257,83.44883300014772,1628.1059799948707,44.0
1787310631,10,POST,POST /predict,4.500000,0.000000,280,380,410,440,600,810,940,940,940,940,940,190,0,300,402.76371646828727,83.44883300014772,1628.1059799948707,44.0
1787310631,10,,Aggregated,4.500000,0.000000,280,380,410,440,600,810,940,940,940,940,940,190,0,300,402.76371646828727,83.44883300014772,1628.1059799948707,44.0
1787310632,10,POST,POST /predict,4.400000,0.000000,280,350,380,410,600,810,940,940,940,940,940,194,0,300,400.1672006545294,83.44883300014772,1628.1059799948707,44.0
1787310632,10,,Aggregated,4.400000,0.000000,280,350,380,410,600,810,940,940,940,940,940,194,0,300,400.1672006545294,83.44883300014772,1628.1059799948707,44.0
1787310633,10,POST,POST /predict,4.300000,0.000000,280,350,410,480,600,810,940,940,940,940,940,197,0,300,400.68145015221273,83.44883300014772,1628.1059799948707,44.0
1787310633,10,,Aggregated,4.300000,0.000000,280,350,410,480,600,810,940,940,940,940,940,197,0,300,400.68145015221273,83.44883300014772,1628.1059799948707,44.0
1787310634,10,POST,POST /predict,4.400000,0.000000,290,380,480,570,660,810,940,940,940,940,940,204,0,300,401.5418701959539,83.44883300014772,1628.1059799948707,44.0
1787310634,10,,Aggregated,4.400000,0.000000,290,380,480,570,660,810,940,940,940,940,940,204,0,300,401.5418701959539,83.44883300014772,1628.1059799948707,44.0
1787310635,10,POST,POST /predict,4.400000,0.000000,300,380,520,600,700,840,940,940,940,940,940,205,0,300,400.7391250388847,83.44883300014772,1628.1059799948707,44.0
1787310635,10,,Aggregated,4.400000,0.000000,300,380,520,600,700,840,940,940,940,940,940,205,0,300,400.7391250388847,83.44883300014772,1628.1059799948707,44.0
1787310636,10,POST,POST /predict,4.600000,0.000000,300,410,520,600,700,840,940,940,940,940,940,211,0,290,394.5679243742497,83.44883300014772,1628.1059799948707,44.0
1787310636,10,,Aggregated,4.600000,0.000000,300,410,520,600,700,840,940,940,940,940,940,211,0,290,394.5679243742497,83.44883300014772,1628.1059799948707,44.0
1787310637,10,POST,POST /predict,4.400000,0.000000,300,480,570,650,780,840,940,940,940,940,940,214,0,290,396.2669763409437,83.44883300014772,1628.1059799948707,44.0
1787310637,10,,Aggregated,4.400000,0.000000,300,480,570,650,780,840,940,940,940,940,940,214,0,290,396.2669763409437,83.44883300014772,1628.1059799948707,44.0
1787310638,10,POST,POST /predict,4.400000,0.000000,340,500,600,650,780,840,940,940,940,940,940,217,0,300,397.28902261272344,83.44883300014772,1628.1059799948707,44.0
1787310638,10,,Aggregated,4.400000,0.000000,340,500,600,650,780,840,940,940,940,940,940,217,0,300,397.28902261272344,83.44883300014772,1628.1059799948707,44.0
1787310639,10,POST,POST /predict,4.000000,0.000000,390,510,570,650,720,810,940,940,940,940,940,224,0,310,399.22278288375827,83.44883300014772,1628.1059799948707,44.0
1787310639,10,,Aggregated,4.000000,0.000000,390,510,570,650,720,810,940,940,940,940,940,224,0,310,399.22278288375827,83.44883300014772,1628.1059799948707,44.0
1787310640,10,POST,POST /predict,4.100000,0.000000,340,470,510,530,700,780,940,940,940,940,940,227,0,300,395.68886096459903,83.44883300014772,1628.1059799948707,44.0
1787310640,10,,Aggregated,4.100000,0.000000,340,470,510,530,700,780,940,940,940,940,940,227,0,300,395.68886096459903,83.44883300014772,1628.1059799948707,44.0
1787310641,10,POST,POST /predict,4.100000,0.000000,330,430,480,510,650,720,780,780,780,780,780,233,0,300,392.0436618796424,83.44883300014772,1628.1059799948707,44.0
1787310641,10,,Aggregated,4.100000,0.000000,330,430,480,510,650,720,780,780,780,780,780,233,0,300,392.0436618796424,83.44883300014772,1628.1059799948707,44.0
1787310642,10,POST,POST /predict,4.200000,0.000000,300,420,470,510,650,720,780,780,780,780,780,236,0,300,390.3325788091394,83.44883300014772,1628.1059799948707,44.0
1787310642,10,,Aggregated,4.200000,0.000000,300,420,470,510,650,720,780,780,780,780,780,236,0,300,390.3325788091394,83.44883300014772,1628.1059799948707,44.0
1787310643,10,POST,POST /predict,4.200000,0.000000,250,330,420,430,510,720,780,780,780,780,780,240,0,290,387.5946059665087,83.44883300014772,1628.1059799948707,44.0
1787310643,10,,Aggregated,4.200000,0.000000,250,330,420,430,510,720,780,780,780,780,780,240,0,290,387.5946059665087,83.44883300014772,1628.1059799948707,44.0
1787310644,10,POST,POST /predict,4.200000,0.000000,260,410,430,470,570,660,780,780,780,780,780,246,0,290,388.88606933726146,83.44883300014772,1628.1059799948707,44.0
1787310644,10,,Aggregated,4.200000,0.000000,260,410,430,470,570,660,780,780,780,780,780,246,0,290,388.88606933726146,83.44883300014772,1628.1059799948707,44.0
1787310645,10,POST,POST /predict,4.300000,0.000000,270,420,470,510,660,720,780,780,780,780,780,249,0,290,387.72390553403744,83.44883300014772,1628.1059799948707,44.0
1787310645,10,,Aggregated,4.300000,0.000000,270,420,470,510,660,720,780,780,780,780,780,249,0,290,387.72390553403744,83.44883300014772,1628.1059799948707,44.0
1787310646,10,POST,POST /predict,4.300000,0.000000,270,420,470,510,660,720,780,780,780,780,780,251,0,290,385.68499937044334,83.44883300014772,1628.1059799948707,44.0
1787310646,10,,Aggregated,4.300000,0.000000,270,420,470,510,660,720,780,780,780,780,780,251,0,290,385.68499937044334,83.44883300014772,1628.1059799948707,44.0
1787310647,10,POST,POST /predict,4.200000,0.000000,240,360,420,430,530,620,670,670,670,670,670,258,0,280,380.5452764805918,83.44883300014772,1628.1059799948707,44.0
1787310647,10,,Aggregated,4.200000,0.000000,240,360,420,430,530,620,670,670,670,670,670,258,0,280,380.5452764805918,83.44883300014772,1628.1059799948707,44.0
1787310648,10,POST,POST /predict,4.100000,0.000000,220,390,420,430,560,620,670,670,670,670,670,261,0,290,381.5245098045557,83.44883300014772,1628.1059799948707,44.0
1787310648,10,,Aggregated,4.100000,0.000000,220,390,420,430,560,620,670,670,670,670,670,261,0,290,381.5245098045557,83.44883300014772,1628.1059799948707,44.0
1787310649,10,POST,POST /predict,4.200000,0.000000,240,270,400,420,560,620,670,670,670,670,670,266,0,290,380.3267339961413,83.44883300014772,1628.1059799948707,44.0
1787310649,10,,Aggregated,4.200000,0.000000,240,270,400,420,560,620,670,670,670,670,670,266,0,290,380.3267339961413,83.44883300014772,1628.1059799948707,44.0
1787310650,10,POST,POST /predict,4.200000,0.000000,250,320,440,500,620,670,780,780,780,780,780,271,0,290,384.0209353283242,83.44883300014772,1628.1059799948707,44.0
1787310650,10,,Aggregated,4.200000,0.000000,250,320,440,500,620,670,780,780,780,780,780,271,0,290,384.0209353283242,83.44883300014772,1628.1059799948707,44.0
1787310651,10,POST,POST /predict,4.300000,0.000000,260,390,450,530,620,670,780,780,780,780,780,277,0,290,382.92530610459136,83.44883300014772,1628.1059799948707,44.0
1787310651,10,,Aggregated,4.300000,0.000000,260,390,450,530,620,670,780,780,780,780,780,277,0,290,382.92530610459136,83.44883300014772,1628.1059799948707,44.0
1787310652,10,POST,POST /predict,4.200000,0.000000,260,390,450,530,620,670,780,780,780,780,780,281,0,290,379.6760863593959,83.44883300014772,1628.1059799948707,44.0
1787310652,10,,Aggregated,4.200000,0.000000,260,390,450,530,620,670,780,780,780,780,780,281,0,290,379.6760863593959,83.44883300014772,1628.1059799948707,44.0
1787310653,10,POST,POST /predict,4.300000,0.000000,260,340,450,530,620,670,780,780,780,780,780,285,0,290,377.596118978915,83.44883300014772,1628.1059799948707,44.0
1787310653,10,,Aggregated,4.300000,0.000000,260,340,450,530,620,670,780,780,780,780,780,285,0,290,377.596118978915,83.44883300014772,1628.1059799948707,44.0
1787310654,10,POST,POST /predict,4.200000,0.000000,250,260,340,400,530,570,780,780,780,780,780,289,0,280,374.67488368507776,83.44883300014772,1628.1059799948707,44.0
1787310654,10,,Aggregated,4.200000,0.000000,250,260,340,400,530,570,780,780,780,780,780,289,0,280,374.67488368507776,83.44883300014772,1628.1059799948707,44.0
1787310655,10,POST,POST /predict,4.300000,0.000000,250,260,340,400,530,570,780,780,780,780,780,293,0,280,371.775147344661,83.44883300014772,1628.1059799948707,44.0
1787310655,10,,Aggregated,4.300000,0.000000,250,260,340,400,530,570,780,780,780,780,780,293,0,280,371.775147344661,83.44883300014772,1628.1059799948707,44.0
1787310656,10,POST,POST /predict,4.500000,0.000000,260,340,450,500,570,700,780,780,780,780,780,298,0,280,374.5422399764562,83.44883300014772,1628.1059799948707,44.0
1787310656,10,,Aggregated,4.500000,0.000000,260,340,450,500,570,700,780,780,780,780,780,298,0,280,374.5422399764562,83.44883300014772,1628.1059799948707,44.0
1787310657,10,POST,POST /predict,4.300000,0.000000,260,340,450,500,570,700,780,780,780,780,780,301,0,280,373.0780136843486,83.44883300014772,1628.1059799948707,44.0
1787310657,10,,Aggregated,4.300000,0.000000,260,340,450,500,570,700,780,780,780,780,780,301,0,280,373.0780136843486,83.44883300014772,1628.1059799948707,44.0
1787310658,10,POST,POST /predict,4.300000,0.000000,260,340,450,500,640,720,780,780,780,780,780,303,0,280,373.30410662372753,83.44883300014772,1628.1059799948707,44.0
1787310658,10,,Aggregated,4.300000,0.000000,260,340,450,500,640,720,780,780,780,780,780,303,0,280,373.30410662372753,83.44883300014772,1628.1059799948707,44.0
1787310659,10,POST,POST /predict,4.400000,0.000000,270,500,560,580,780,820,930,930,930,930,930,310,0,290,380.6760728645097,83.44883300014772,1628.1059799948707,44.0
1787310659,10,,Aggregated,4.400000,0.000000,270,500,560,580,780,820,930,930,930,930,930,310,0,290,380.6760728645097,83.44883300014772,1628.1059799948707,44.0
1787310660,10,POST,POST /predict,4.400000,0.000000,250,360,440,550,700,820,930,930,930,930,930,313,0,290,378.79766021085646,83.44883300014772,1628.1059799948707,44.0
1787310660,10,,Aggregated,4.400000,0.000000,250,360,440,550,700,820,930,930,930,930,930,313,0,290,378.79766021085646,83.44883300014772,1628.1059799948707,44.0
1787310661,10,POST,POST /predict,4.200000,0.000000,230,340,440,550,700,820,930,930,930,930,930,318,0,280,374.911743150916,83.44883300014772,1628.1059799948707,44.0
1787310661,10,,Aggregated,4.200000,0.000000,230,340,440,550,700,820,930,930,930,930,930,318,0,280,374.911743150916,83.44883300014772,1628.1059799948707,44.0
1787310662,10,POST,POST /predict,4.600000,0.000000,250,350,500,560,780,880,930,930,930,930,930,322,0,280,373.39876064593597,83.44883300014772,1628.1059799948707,44.0
1787310662,10,,Aggregated,4.600000,0.000000,250,350,500,560,780,880,930,930,930,930,930,322,0,280,373.39876064593597,83.44883300014772,1628.1059799948707,44.0
1787310663,10,POST,POST /predict,4.300000,0.000000,260,360,440,550,700,820,930,930,930,930,930,329,0,280,370.9129520030372,83.44883300014772,1628.1059799948707,44.0
1787310663,10,,Aggregated,4.300000,0.000000,260,360,440,550,700,820,930,930,930,930,930,329,0,280,370.9129520030372,83.44883300014772,1628.1059799948707,44.0
1787310664,10,POST,POST /predict,4.100000,0.000000,260,360,440,550,700,820,930,930,930,930,930,331,0,280,369.2858404350624,83.44883300014772,1628.1059799948707,44.0
1787310664,10,,Aggregated,4.100000,0.000000,260,360,440,550,700,820,930,930,930,930,930,331,0,280,369.2858404350624,83.44883300014772,1628.1059799948707,44.0
1787310665,10,POST,POST /predict,4.200000,0.000000,250,340,380,550,700,820,930,930,930,930,930,339,0,270,364.85763436287556,83.44883300014772,1628.1059799948707,44.0
1787310665,10,,Aggregated,4.200000,0.000000,250,340,380,550,700,820,930,930,930,930,930,339,0,270,364.85763436287556,83.44883300014772,1628.1059799948707,44.0
1787310666,10,POST,POST /predict,4.200000,0.000000,210,270,350,360,580,820,930,930,930,930,930,341,0,270,363.50696101470453,83.44883300014772,1628.1059799948707,44.0
1787310666,10,,Aggregated,4.200000,0.000000,210,270,350,360,580,820,930,930,930,930,930,341,0,270,363.50696101470453,83.44883300014772,1628.1059799948707,44.0
1787310667,10,POST,POST /predict,4.500000,0.000000,210,270,340,360,580,820,930,930,930,930,930,344,0,270,362.2577942151322,83.44883300014772,1628.1059799948707,44.0
1787310667,10,,Aggregated,4.500000,0.000000,210,270,340,360,580,820,930,930,930,930,930,344,0,270,362.2577942151322,83.44883300014772,1628.1059799948707,44.0
1787310668,10,POST,POST /predict,4.500000,0.000000,210,270,290,360,550,820,930,930,930,930,930,350,0,270,362.183640748595,83.44883300014772,1628.1059799948707,44.0
1787310668,10,,Aggregated,4.500000,0.000000,210,270,290,360,550,820,930,930,930,930,930,350,0,270,362.183640748595,83.44883300014772,1628.1059799948707,44.0
1787310669,10,POST,POST /predict,4.300000,0.000000,210,260,290,290,360,530,530,530,530,530,530,352,0,270,361.97754773580857,83.44883300014772,1628.1059799948707,44.0
1787310669,10,,Aggregated,4.300000,0.000000,210,260,290,290,360,530,530,530,530,530,530,352,0,270,361.97754773580857,83.44883300014772,1628.1059799948707,44.0
1787310670,10,POST,POST /predict,4.400000,0.000000,230,270,290,320,360,380,530,530,530,530,530,357,0,270,360.9391885378505,83.44883300014772,1628.1059799948707,44.0
1787310670,10,,Aggregated,4.400000,0.000000,230,270,290,320,360,380,530,530,530,530,530,357,0,270,360.9391885378505,83.44883300014772,1628.1059799948707,44.0
1787310671,10,POST,POST /predict,4.500000,0.000000,260,280,290,340,380,510,530,530,530,530,530,360,0,270,360.88532182228744,83.44883300014772,1628.1059799948707,44.0
1787310671,10,,Aggregated,4.500000,0.000000,260,280,290,340,380,510,530,530,530,530,530,360,0,270,360.88532182228744,83.44883300014772,1628.1059799948707,44.0
1787310672,10,POST,POST /predict,4.200000,0.000000,270,320,380,510,590,620,760,760,760,760,760,368,0,280,365.2110390353893,83.44883300014772,1628.1059799948707,44.0
1787310672,10,,Aggregated,4.200000,0.000000,270,320,380,510,590,620,760,760,760,760,760,368,0,280,365.2110390353893,83.44883300014772,1628.1059799948707,44.0
1787310673,10,POST,POST /predict,4.300000,0.000000,270,340,380,510,590,620,760,760,760,760,760,372,0,280,364.4050962581288,83.44883300014772,1628.1059799948707,44.0
1787310673,10,,Aggregated,4.300000,0.000000,270,340,380,510,590,620,760,760,760,760,760,372,0,280,364.4050962581288,83.44883300014772,1628.1059799948707,44.0
1787310674,10,POST,POST /predict,4.400000,0.000000,290,380,500,530,590,620,760,760,760,760,760,378,0,280,364.7101013942567,83.44883300014772,1628.1059799948707,44.0
1787310674,10,,Aggregated,4.400000,0.000000,290,380,500,530,590,620,760,760,760,760,760,378,0,280,364.7101013942567,83.44883300014772,1628.1059799948707,44.0
1787310675,10,POST,POST /predict,4.500000,0.000000,290,380,500,530,590,620,760,760,760,760,760,380,0,280,363.3055310921535,83.44883300014772,1628.1059799948707,44.0
1787310675,10,,Aggregated,4.500000,0.000000,290,380,500,530,590,620,760,760,760,760,760,380,0,280,363.3055310921535,83.44883300014772,1628.1059799948707,44.0
1787310676,10,POST,POST /predict,4.200000,0.000000,290,380,500,530,590,620,760,760,760,760,760,384,0,270,361.33842454948234,83.44883300014772,1628.1059799948707,44.0
1787310676,10,,Aggregated,4.200000,0.000000,290,380,500,530,590,620,760,760,760,760,760,384,0,270,361.33842454948234,83.44883300014772,1628.1059799948707,44.0
1787310677,10,POST,POST /predict,4.300000,0.000000,320,480,530,550,600,640,760,760,760,760,760,387,0,280,362.61403143927225,83.44883300014772,1628.1059799948707,44.0
1787310677,10,,Aggregated,4.300000,0.000000,320,480,530,550,600,640,760,760,760,760,760,387,0,280,362.61403143927225,83.44883300014772,1628.1059799948707,44.0
1787310678,10,POST,POST /predict,4.200000,0.000000,360,510,590,620,880,990,1200,1200,1200,1200,1200,392,0,280,370.5604625331628,83.44883300014772,1628.1059799948707,44.0
1787310678,10,,Aggregated,4.200000,0.000000,360,510,590,620,880,990,1200,1200,1200,1200,1200,392,0,280,370.5604625331628,83.44883300014772,1628.1059799948707,44.0
1787310679,10,POST,POST /predict,4.200000,0.000000,380,580,620,700,920,990,1200,1200,1200,1200,1200,395,0,280,370.75624552657064,83.44883300014772,1628.1059799948707,44.0
1787310679,10,,Aggregated,4.200000,0.000000,380,580,620,700,920,990,1200,1200,1200,1200,1200,395,0,280,370.75624552657064,83.44883300014772,1628.1059799948707,44.0
1787310680,10,POST,POST /predict,4.200000,0.000000,330,580,600,640,880,990,1200,1200,1200,1200,1200,399,0,280,368.34311801003264,83.44883300014772,1628.1059799948707,44.0
1787310680,10,,Aggregated,4.200000,0.000000,330,580,600,640,880,990,1200,1200,1200,1200,1200,399,0,280,368.34311801003264,83.44883300014772,1628.1059799948707,44.0
1787310681,10,POST,POST /predict,4.200000,0.000000,310,500,590,620,880,990,1200,1200,1200,1200,1200,403,0,280,367.7179599553101,83.44883300014772,1628.1059799948707,44.0
1787310681,10,,Aggregated,4.200000,0.000000,310,500,590,620,880,990,1200,1200,1200,1200,1200,403,0,280,367.7179599553101,83.44883300014772,1628.1059799948707,44.0
1787310682,10,POST,POST /predict,4.000000,0.000000,280,390,530,590,920,990,1200,1200,1200,1200,1200,409,0,280,366.7425634400648,83.44883300014772,1628.1059799948707,44.0
1787310682,10,,Aggregated,4.000000,0.000000,280,390,530,590,920,990,1200,1200,1200,1200,1200,409,0,280,366.7425634400648,83.44883300014772,1628.1059799948707,44.0
1787310683,10,POST,POST /predict,4.200000,0.000000,280,390,530,590,920,990,1200,1200,1200,1200,1200,412,0,280,365.93513961164257,83.44883300014772,1628.1059799948707,44.0
1787310683,10,,Aggregated,4.200000,0.000000,280,390,530,590,920,990,1200,1200,1200,1200,1200,412,0,280,365.93513961164257,83.44883300014772,1628.1059799948707,44.0
1787310684,10,POST,POST /predict,4.100000,0.000000,280,500,550,660,920,990,1200,1200,1200,1200,1200,417,0,280,368.1462693861101,83.44883300014772,1628.1059799948707,44.0
1787310684,10,,Aggregated,4.100000,0.000000,280,500,550,660,920,990,1200,1200,1200,1200,1200,417,0,280,368.1462693861101,83.44883300014772,1628.1059799948707,44.0
1787310685,10,POST,POST /predict,4.000000,0.000000,320,500,530,550,880,990,1200,1200,1200,1200,1200,422,0,280,367.3750617488372,83.44883300014772,1628.1059799948707,44.0
1787310685,10,,Aggregated,4.000000,0.000000,320,500,530,550,880,990,1200,1200,1200,1200,1200,422,0,280,367.3750617488372,83.44883300014772,1628.1059799948707,44.0
1787310686,10,POST,POST /predict,4.100000,0.000000,340,450,530,550,880,990,1200,1200,1200,1200,1200,426,0,280,367.17432736151466,83.44883300014772,1628.1059799948707,44.0
1787310686,10,,Aggregated,4.100000,0.000000,340,450,530,550,880,990,1200,1200,1200,1200,1200,426,0,280,367.17432736151466,83.44883300014772,1628.1059799948707,44.0
1787310687,10,POST,POST /predict,3.900000,0.000000,280,350,450,450,530,660,730,730,730,730,730,428,0,280,366.8813761705508,83.44883300014772,1628.1059799948707,44.0
1787310687,10,,Aggregated,3.900000,0.000000,280,350,450,450,530,660,730,730,730,730,730,428,0,280,366.8813761705508,83.44883300014772,1628.1059799948707,44.0
1787310689,10,POST,POST /predict,4.200000,0.000000,340,450,500,520,670,890,980,980,980,980,980,433,0,280,371.69262463975076,83.44883300014772,1628.1059799948707,44.0
1787310689,10,,Aggregated,4.200000,0.000000,340,450,500,520,670,890,980,980,980,980,980,433,0,280,371.69262463975076,83.44883300014772,1628.1059799948707,44.0
1787310690,10,POST,POST /predict,4.000000,0.000000,350,450,520,530,870,980,1000,1000,1000,1000,1000,438,0,280,372.14258156392094,83.44883300014772,1628.1059799948707,44.0
1787310690,10,,Aggregated,4.000000,0.000000,350,450,520,530,870,980,1000,1000,1000,1000,1000,438,0,280,372.14258156392094,83.44883300014772,1628.1059799948707,44.0
1787310691,10,POST,POST /predict,4.000000,0.000000,340,450,520,530,870,980,1000,1000,1000,1000,1000,442,0,280,371.2320485316688,83.44883300014772,1628.1059799948707,44.0
1787310691,10,,Aggregated,4.000000,0.000000,340,450,520,530,870,980,1000,1000,1000,1000,1000,442,0,280,371.2320485316688,83.44883300014772,1628.1059799948707,44.0
1787310692,10,POST,POST /predict,4.200000,0.000000,350,450,520,520,870,980,1000,1000,1000,1000,1000,445,0,280,370.9903991483106,83.44883300014772,1628.1059799948707,44.0
1787310692,10,,Aggregated,4.200000,0.000000,350,450,520,520,870,980,1000,1000,1000,1000,1000,445,0,280,370.9903991483106,83.44883300014772,1628.1059799948707,44.0
1787310693,10,POST,POST /predict,4.200000,0.000000,360,450,500,520,870,980,1000,1000,1000,1000,1000,451,0,280,370.19504724833064,83.44883300014772,1628.1059799948707,44.0
1787310693,10,,Aggregated,4.200000,0.000000,360,450,500,520,870,980,1000,1000,1000,1000,1000,451,0,280,370.19504724833064,83.44883300014772,1628.1059799948707,44.0
1787310694,10,POST,POST /predict,4.100000,0.000000,340,390,450,460,870,980,1000,1000,1000,1000,1000,455,0,280,369.0147416769293,83.44883300014772,1628.1059799948707,44.0
1787310694,10,,Aggregated,4.100000,0.000000,340,390,450,460,870,980,1000,1000,1000,1000,1000,455,0,280,369.0147416769293,83.44883300014772,1628.1059799948707,44.0
1787310695,10,POST,POST /predict,4.100000,0.000000,270,390,450,460,870,980,1000,1000,1000,1000,1000,459,0,280,367.35186149236023,83.44883300014772,1628.1059799948707,44.0
1787310695,10,,Aggregated,4.100000,0.000000,270,390,450,460,870,980,1000,1000,1000,1000,1000,459,0,280,367.35186149236023,83.44883300014772,1628.1059799948707,44.0
1787310696,10,POST,POST /predict,4.100000,0.000000,340,460,500,540,870,980,1000,1000,1000,1000,1000,464,0,280,369.6570738814381,83.44883300014772,1628.1059799948707,44.0
1787310696,10,,Aggregated,4.100000,0.000000,340,460,500,540,870,980,1000,1000,1000,1000,1000,464,0,280,369.6570738814381,83.44883300014772,1628.1059799948707,44.0
1787310697,10,POST,POST /predict,4.200000,0.000000,390,490,500,640,810,890,1000,1000,1000,1000,1000,469,0,280,371.4015173923212,83.44883300014772,1628.1059799948707,44.0
1787310697,10,,Aggregated,4.200000,0.000000,390,490,500,640,810,890,1000,1000,1000,1000,1000,469,0,280,371.4015173923212,83.44883300014772,1628.1059799948707,44.0
1787310698,10,POST,POST /predict,4.200000,0.000000,320,410,490,500,790,980,1000,1000,1000,1000,1000,471,0,280,371.17220327177347,83.44883300014772,1628.1059799948707,44.0
1787310698,10,,Aggregated,4.200000,0.000000,320,410,490,500,790,980,1000,1000,1000,1000,1000,471,0,280,371.17220327177347,83.44883300014772,1628.1059799948707,44.0
1787310699,10,POST,POST /predict,4.200000,0.000000,360,410,460,490,640,790,810,810,810,810,810,475,0,290,371.6074526631794,83.44883300014772,1628.1059799948707,44.0
1787310699,10,,Aggregated,4.200000,0.000000,360,410,460,490,640,790,810,810,810,810,810,475,0,290,371.6074526631794,83.44883300014772,1628.1059799948707,44.0
1787310700,10,POST,POST /predict,4.200000,0.000000,330,390,460,490,640,790,810,810,810,810,810,482,0,280,369.6283173070606,83.44883300014772,1628.1059799948707,44.0
1787310700,10,,Aggregated,4.200000,0.000000,330,390,460,490,640,790,810,810,810,810,810,482,0,280,369.6283173070606,83.44883300014772,1628.1059799948707,44.0
1787310701,10,POST,POST /predict,4.300000,0.000000,320,390,450,490,540,740,810,810,810,810,810,485,0,280,368.1415403113561,83.44883300014772,1628.1059799948707,44.0
1787310701,10,,Aggregated,4.300000,0.000000,320,390,450,490,540,740,810,810,810,810,810,485,0,280,368.1415403113561,83.44883300014772,1628.1059799948707,44.0
1787310702,10,POST,POST /predict,4.200000,0.000000,270,390,450,500,640,790,810,810,810,810,810,488,0,280,367.6834809754136,83.44883300014772,1628.1059799948707,44.0
1787310702,10,,Aggregated,4.200000,0.000000,270,390,450,500,640,790,810,810,810,810,810,488,0,280,367.6834809754136,83.44883300014772,1628.1059799948707,44.0
1787310703,10,POST,POST /predict,4.300000,0.000000,320,390,450,500,640,740,810,810,810,810,810,495,0,280,366.52353086261576,83.44883300014772,1628.1059799948707,44.0
1787310703,10,,Aggregated,4.300000,0.000000,320,390,450,500,640,740,810,810,810,810,810,495,0,280,366.52353086261576,83.44883300014772,1628.1059799948707,44.0
1787310704,10,POST,POST /predict,4.400000,0.000000,320,390,490,500,640,790,810,810,810,810,810,498,0,280,365.1890592530008,83.44883300014772,1628.1059799948707,44.0
1787310704,10,,Aggregated,4.400000,0.000000,320,390,490,500,640,790,810,810,810,810,810,498,0,280,365.1890592530008,83.44883300014772,1628.1059799948707,44.0
1787310705,10,POST,POST /predict,4.400000,0.000000,270,340,390,440,640,790,810,810,810,810,810,501,0,280,364.81382231334476,83.44883300014772,1628.1059799948707,44.0
1787310705,10,,Aggregated,4.400000,0.000000,270,340,390,440,640,790,810,810,810,810,810,501,0,280,364.81382231334476,83.44883300014772,1628.1059799948707,44.0
1787310706,10,POST,POST /predict,4.300000,0.000000,270,360,390,420,500,530,640,640,640,640,640,509,0,280,365.7595602946747,83.44883300014772,1628.1059799948707,44.0
1787310706,10,,Aggregated,4.300000,0.000000,270,360,390,420,500,530,640,640,640,640,640,509,0,280,365.7595602946747,83.44883300014772,1628.1059799948707,44.0
1787310707,10,POST,POST /predict,4.200000,0.000000,270,360,420,440,510,540,640,640,640,640,640,511,0,280,365.54526868492155,83.44883300014772,1628.1059799948707,44.0
1787310707,10,,Aggregated,4.200000,0.000000,270,360,420,440,510,540,640,640,640,640,640,511,0,280,365.54526868492155,83.44883300014772,1628.1059799948707,44.0
1787310708,10,POST,POST /predict,4.200000,0.000000,270,360,420,460,510,540,640,640,640,640,640,513,0,280,365.81926811695257,83.44883300014772,1628.1059799948707,44.0
1787310708,10,,Aggregated,4.200000,0.000000,270,360,420,460,510,540,640,640,640,640,640,513,0,280,365.81926811695257,83.44883300014772,1628.1059799948707,44.0
1787310709,10,POST,POST /predict,4.200000,0.000000,360,410,460,470,540,720,780,780,780,780,780,518,0,290,367.54091002509915,83.44883300014772,1628.1059799948707,44.0
1787310709,10,,Aggregated,4.200000,0.000000,360,410,460,470,540,720,780,780,780,780,780,518,0,290,367.54091002509915,83.44883300014772,1628.1059799948707,44.0
1787310710,10,POST,POST /predict,4.200000,0.000000,370,420,460,480,540,720,780,780,780,780,780,522,0,290,367.7875624463741,83.44883300014772,1628.1059799948707,44.0
1787310710,10,,Aggregated,4.200000,0.000000,370,420,460,480,540,720,780,780,780,780,780,522,0,290,367.7875624463741,83.44883300014772,1628.1059799948707,44.0
1787310711,10,POST,POST /predict,4.200000,0.000000,370,410,460,470,540,720,780,780,780,780,780,527,0,290,367.6301987438414,83.44883300014772,1628.1059799948707,44.0
1787310711,10,,Aggregated,4.200000,0.000000,370,410,460,470,540,720,780,780,780,780,780,527,0,290,367.6301987438414,83.44883300014772,1628.1059799948707,44.0
1787310712,10,POST,POST /predict,4.000000,0.000000,370,410,460,460,530,720,780,780,780,780,780,531,0,290,367.33488178341537,83.44883300014772,1628.1059799948707,44.0
1787310712,10,,Aggregated,4.000000,0.000000,370,410,460,460,530,720,780,780,780,780,780,531,0,290,367.33488178341537,83.44883300014772,1628.1059799948707,44.0
1787310713,10,POST,POST /predict,4.200000,0.000000,370,410,460,460,530,720,780,780,780,780,780,536,0,290,366.8066290783555,83.44883300014772,1628.1059799948707,44.0
1787310713,10,,Aggregated,4.200000,0.000000,370,410,460,460,530,720,780,780,780,780,780,536,0,290,366.8066290783555,83.44883300014772,1628.1059799948707,44.0
1787310714,10,POST,POST /predict,4.200000,0.000000,380,420,460,460,490,540,780,780,780,780,780,543,0,290,366.28135678082987,83.44883300014772,1628.1059799948707,44.0
1787310714,10,,Aggregated,4.200000,0.000000,380,420,460,460,490,540,780,780,780,780,780,543,0,290,366.28135678082987,83.44883300014772,1628.1059799948707,44.0
1787310715,10,POST,POST /predict,4.200000,0.000000,370,400,450,460,490,720,780,780,780,780,780,546,0,290,365.37703340475474,83.44883300014772,1628.1059799948707,44.0
1787310715,10,,Aggregated,4.200000,0.000000,370,400,450,460,490,720,780,780,780,780,780,546,0,290,365.37703340475474,83.44883300014772,1628.1059799948707,44.0
1787310716,10,POST,POST /predict,4.200000,0.000000,370,400,430,450,480,720,780,780,780,780,780,548,0,290,365.4446406003544,83.44883300014772,1628.1059799948707,44.0
1787310716,10,,Aggregated,4.200000,0.000000,370,400,430,450,480,720,780,780,780,780,780,548,0,290,365.4446406003544,83.44883300014772,1628.1059799948707,44.0
1787310717,10,POST,POST /predict,4.500000,0.000000,370,400,430,450,490,720,780,780,780,780,780,551,0,290,365.63383655170674,83.44883300014772,1628.1059799948707,44.0
1787310717,10,,Aggregated,4.500000,0.000000,370,400,430,450,490,720,780,780,780,780,780,551,0,290,365.63383655170674,83.44883300014772,1628.1059799948707,44.0
1787310718,10,POST,POST /predict,4.100000,0.000000,370,420,460,460,780,1300,1500,1500,1500,1500,1500,555,0,290,371.09029072250064,83.44883300014772,1628.1059799948707,44.0
1787310718,10,,Aggregated,4.100000,0.000000,370,420,460,460,780,1300,1500,1500,1500,1500,1500,555,0,290,371.09029072250064,83.44883300014772,1628.1059799948707,44.0
1787310719,10,POST,POST /predict,4.100000,0.000000,370,450,460,530,1500,1700,1800,1800,1800,1800,1800,559,0,290,378.60104721105915,83.44883300014772,1795.9084339963738,44.0
1787310719,10,,Aggregated,4.100000,0.000000,370,450,460,530,1500,1700,1800,1800,1800,1800,1800,559,0,290,378.60104721105915,83.44883300014772,1795.9084339963738,44.0
1787310720,10,POST,POST /predict,4.100000,0.000000,400,510,530,620,1500,1700,1800,1800,1800,1800,1800,565,0,300,379.29572860172806,83.44883300014772,1795.9084339963738,44.0
1787310720,10,,Aggregated,4.100000,0.000000,400,510,530,620,1500,1700,1800,1800,1800,1800,1800,565,0,300,379.29572860172806,83.44883300014772,1795.9084339963738,44.0
1787310721,10,POST,POST /predict,4.200000,0.000000,380,510,530,620,1500,1700,1800,1800,1800,1800,1800,567,0,290,378.58727607932065,83.44883300014772,1795.9084339963738,44.0
1787310721,10,,Aggregated,4.200000,0.000000,380,510,530,620,1500,1700,1800,1800,1800,1800,1800,567,0,290,378.58727607932065,83.44883300014772,1795.9084339963738,44.0
1787310722,10,POST,POST /predict,4.200000,0.000000,370,510,530,620,1500,1700,1800,1800,1800,1800,1800,573,0,300,377.8936965671793,83.44883300014772,1795.9084339963738,44.0
1787310722,10,,Aggregated,4.200000,0.000000,370,510,530,620,1500,1700,1800,1800,1800,1800,1800,573,0,300,377.8936965671793,83.44883300014772,1795.9084339963738,44.0
1787310723,10,POST,POST /predict,4.100000,0.000000,360,510,530,730,1500,1700,1800,1800,1800,1800,1800,576,0,290,376.7589214166441,83.44883300014772,1795.9084339963738,44.0
1787310723,10,,Aggregated,4.100000,0.000000,360,510,530,730,1500,1700,1800,1800,1800,1800,1800,576,0,290,376.7589214166441,83.44883300014772,1795.9084339963738,44.0
1787310724,10,POST,POST /predict,4.300000,0.000000,370,520,570,620,1500,1700,1800,1800,1800,1800,1800,585,0,300,377.0536653435805,83.44883300014772,1795.9084339963738,44.0
1787310724,10,,Aggregated,4.300000,0.000000,370,520,570,620,1500,1700,1800,1800,1800,1800,1800,585,0,300,377.0536653435805,83.44883300014772,1795.9084339963738,44.0
1787310725,10,POST,POST /predict,4.100000,0.000000,360,520,570,620,1500,1700,1800,1800,1800,1800,1800,588,0,290,375.7389488333242,83.44883300014772,1795.9084339963738,44.0
1787310725,10,,Aggregated,4.100000,0.000000,360,520,570,620,1500,1700,1800,1800,1800,1800,1800,588,0,290,375.7389488333242,83.44883300014772,1795.9084339963738,44.0
1787310726,10,POST,POST /predict,4.000000,0.000000,320,510,550,600,1300,1600,1800,1800,1800,1800,1800,594,0,290,374.54773651177567,83.44883300014772,1795.9084339963738,44.0
1787310726,10,,Aggregated,4.000000,0.000000,320,510,550,600,1300,1600,1800,1800,1800,1800,1800,594,0,290,374.54773651177567,83.44883300014772,1795.9084339963738,44.0
1787310727,10,POST,POST /predict,4.100000,0.000000,310,360,520,530,620,1600,1800,1800,1800,1800,1800,596,0,290,374.43395229362653,83.44883300014772,1795.9084339963738,44.0
1787310727,10,,Aggregated,4.100000,0.000000,310,360,520,530,620,1600,1800,1800,1800,1800,1800,596,0,290,374.43395229362653,83.44883300014772,1795.9084339963738,44.0
1787310728,10,POST,POST /predict,4.200000,0.000000,300,360,510,530,600,740,1100,1100,1100,1100,1100,599,0,290,376.9889591335573,83.44883300014772,1795.9084339963738,44.0
1787310728,10,,Aggregated,4.200000,0.000000,300,360,510,530,600,740,1100,1100,1100,1100,1100,599,0,290,376.9889591335573,83.44883300014772,1795.9084339963738,44.0
1787310729,10,POST,POST /predict,4.400000,0.000000,300,360,550,600,1000,1200,1300,1300,1300,1300,1300,606,0,300,382.05576997853336,83.44883300014772,1795.9084339963738,44.0
1787310729,10,,Aggregated,4.400000,0.000000,300,360,550,600,1000,1200,1300,1300,1300,1300,1300,606,0,300,382.05576997853336,83.44883300014772,1795.9084339963738,44.0
1787310730,10,POST,POST /predict,4.300000,0.000000,300,360,470,570,1000,1200,1300,1300,1300,1300,1300,608,0,300,381.8845967532884,83.44883300014772,1795.9084339963738,44.0
1787310730,10,,Aggregated,4.300000,0.000000,300,360,470,570,1000,1200,1300,1300,1300,1300,1300,608,0,300,381.8845967532884,83.44883300014772,1795.9084339963738,44.0
1787310731,10,POST,POST /predict,4.200000,0.000000,320,480,570,640,1100,1300,1300,1300,1300,1300,1300,613,0,300,382.84715256443354,83.44883300014772,1795.9084339963738,44.0
1787310731,10,,Aggregated,4.200000,0.000000,320,480,570,640,1100,1300,1300,1300,1300,1300,1300,613,0,300,382.84715256443354,83.44883300014772,1795.9084339963738,44.0
1787310732,10,POST,POST /predict,4.200000,0.000000,340,550,600,680,1000,1200,1300,1300,1300,1300,1300,618,0,300,383.09072412944244,83.44883300014772,1795.9084339963738,44.0
1787310732,10,,Aggregated,4.200000,0.000000,340,550,600,680,1000,1200,1300,1300,1300,1300,1300,618,0,300,383.09072412944244,83.44883300014772,1795.9084339963738,44.0
1787310733,10,POST,POST /predict,4.400000,0.000000,280,420,560,680,1000,1200,1300,1300,1300,1300,1300,623,0,290,381.44541772872503,83.44883300014772,1795.9084339963738,44.0
1787310733,10,,Aggregated,4.400000,0.000000,280,420,560,680,1000,1200,1300,1300,1300,1300,1300,623,0,290,381.44541772872503,83.44883300014772,1795.9084339963738,44.0
1787310734,10,POST,POST /predict,4.500000,0.000000,280,480,640,730,1100,1300,1300,1300,1300,1300,1300,626,0,290,381.3401992555767,83.44883300014772,1795.9084339963738,44.0
1787310734,10,,Aggregated,4.500000,0.000000,280,480,640,730,1100,1300,1300,1300,1300,1300,1300,626,0,290,381.3401992555767,83.44883300014772,1795.9084339963738,44.0
1787310735,10,POST,POST /predict,4.500000,0.000000,380,640,710,740,1000,1200,1300,1300,1300,1300,1300,633,0,300,384.60421306634,83.44883300014772,1795.9084339963738,44.0
1787310735,10,,Aggregated,4.500000,0.000000,380,640,710,740,1000,1200,1300,1300,1300,1300,1300,633,0,300,384.60421306634,83.44883300014772,1795.9084339963738,44.0
1787310736,10,POST,POST /predict,4.200000,0.000000,480,650,730,840,1100,1300,1300,1300,1300,1300,1300,635,0,300,383.726353381094,83.44883300014772,1795.9084339963738,44.0
1787310736,10,,Aggregated,4.200000,0.000000,480,650,730,840,1100,1300,1300,1300,1300,1300,1300,635,0,300,383.726353381094,83.44883300014772,1795.9084339963738,44.0
1787310737,10,POST,POST /predict,4.200000,0.000000,480,650,710,730,1000,1200,1300,1300,1300,1300,1300,639,0,300,384.5706092722875,83.44883300014772,1795.9084339963738,44.0
1787310737,10,,Aggregated,4.200000,0.000000,480,650,710,730,1000,1200,1300,1300,1300,1300,1300,639,0,300,384.5706092722875,83.44883300014772,1795.9084339963738,44.0
1787310738,10,POST,POST /predict,4.400000,0.000000,340,560,680,710,840,1000,1300,1300,1300,1300,1300,643,0,300,384.02654937790555,83.44883300014772,1795.9084339963738,44.0
1787310738,10,,Aggregated,4.400000,0.000000,340,560,680,710,840,1000,1300,1300,1300,1300,1300,643,0,300,384.02654937790555,83.44883300014772,1795.9084339963738,44.0
1787310739,10,POST,POST /predict,4.100000,0.000000,350,530,640,650,710,730,920,920,920,920,920,648,0,300,383.8226720926073,83.44883300014772,1795.9084339963738,44.0
1787310739,10,,Aggregated,4.100000,0.000000,350,530,640,650,710,730,920,920,920,920,920,648,0,300,383.8226720926073,83.44883300014772,1795.9084339963738,44.0
1787310740,10,POST,POST /predict,4.500000,0.000000,350,530,640,680,710,840,920,920,920,920,920,650,0,300,383.7671554692497,83.44883300014772,1795.9084339963738,44.0
1787310740,10,,Aggregated,4.500000,0.000000,350,530,640,680,710,840,920,920,920,920,920,650,0,300,383.7671554692497,83.44883300014772,1795.9084339963738,44.0
1787310741,10,POST,POST /predict,4.400000,0.000000,340,400,470,640,710,840,920,920,920,920,920,656,0,300,383.507317298786,83.44883300014772,1795.9084339963738,44.0
1787310741,10,,Aggregated,4.400000,0.000000,340,400,470,640,710,840,920,920,920,920,920,656,0,300,383.507317298786,83.44883300014772,1795.9084339963738,44.0
1787310742,10,POST,POST /predict,4.200000,0.000000,370,410,470,640,710,840,920,920,920,920,920,660,0,300,383.4626365394025,83.44883300014772,1795.9084339963738,44.0
1787310742,10,,Aggregated,4.200000,0.000000,370,410,470,640,710,840,920,920,920,920,920,660,0,300,383.4626365394025,83.44883300014772,1795.9084339963738,44.0
1787310743,10,POST,POST /predict,4.300000,0.000000,390,420,510,530,710,710,920,920,920,920,920,666,0,310,383.76588298349094,83.44883300014772,1795.9084339963738,44.0
1787310743,10,,Aggregated,4.300000,0.000000,390,420,510,530,710,710,920,920,920,920,920,666,0,310,383.76588298349094,83.44883300014772,1795.9084339963738,44.0
1787310744,10,POST,POST /predict,4.000000,0.000000,380,410,450,470,650,710,840,840,840,840,840,672,0,310,382.87171988990633,83.44883300014772,1795.9084339963738,44.0
1787310744,10,,Aggregated,4.000000,0.000000,380,410,450,470,650,710,840,840,840,840,840,672,0,310,382.87171988990633,83.44883300014772,1795.9084339963738,44.0
1787310745,10,POST,POST /predict,4.100000,0.000000,370,400,410,420,470,530,710,710,710,710,710,675,0,310,382.25826748595057,83.44883300014772,1795.9084339963738,44.0
1787310745,10,,Aggregated,4.100000,0.000000,370,400,410,420,470,530,710,710,710,710,710,675,0,310,382.25826748595057,83.44883300014772,1795.9084339963738,44.0
1787310746,10,POST,POST /predict,4.300000,0.000000,350,390,410,420,470,530,710,710,710,710,710,680,0,300,380.8525943882641,83.44883300014772,1795.9084339963738,44.0
1787310746,10,,Aggregated,4.300000,0.000000,350,390,410,420,470,530,710,710,710,710,710,680,0,300,380.8525943882641,83.44883300014772,1795.9084339963738,44.0
1787310747,10,POST,POST /predict,4.500000,0.000000,340,380,400,410,450,470,530,530,530,530,530,686,0,300,379.7863963338477,83.44883300014772,1795.9084339963738,44.0
1787310747,10,,Aggregated,4.500000,0.000000,340,380,400,410,450,470,530,530,530,530,530,686,0,300,379.7863963338477,83.44883300014772,1795.9084339963738,44.0
1787310748,10,POST,POST /predict,4.500000,0.000000,280,380,400,410,450,470,530,530,530,530,530,687,0,300,379.4856799592709,83.44883300014772,1795.9084339963738,44.0
1787310748,10,,Aggregated,4.500000,0.000000,280,380,400,410,450,470,530,530,530,530,530,687,0,300,379.4856799592709,83.44883300014772,1795.9084339963738,44.0
1787310749,10,POST,POST /predict,4.700000,0.000000,270,360,380,410,440,460,530,530,530,530,530,694,0,300,378.2120865259801,83.44883300014772,1795.9084339963738,44.0
1787310749,10,,Aggregated,4.700000,0.000000,270,360,380,410,440,460,530,530,530,530,530,694,0,300,378.2120865259801,83.44883300014772,1795.9084339963738,44.0
1787310750,10,POST,POST /predict,4.400000,0.000000,270,370,390,410,420,460,530,530,530,530,530,697,0,300,378.0509392482486,83.44883300014772,1795.9084339963738,44.0
1787310750,10,,Aggregated,4.400000,0.000000,270,370,390,410,420,460,530,530,530,530,530,697,0,300,378.0509392482486,83.44883300014772,1795.9084339963738,44.0
1787310751,10,POST,POST /predict,4.700000,0.000000,260,310,370,380,410,460,530,530,530,530,530,702,0,290,376.38174657126325,83.44883300014772,1795.9084339963738,44.0
1787310751,10,,Aggregated,4.700000,0.000000,260,310,370,380,410,460,530,530,530,530,530,702,0,290,376.38174657126325,83.44883300014772,1795.9084339963738,44.0
1787310752,10,POST,POST /predict,4.700000,0.000000,220,260,310,360,400,450,530,530,530,530,530,707,0,290,375.10278170867724,83.44883300014772,1795.9084339963738,44.0
1787310752,10,,Aggregated,4.700000,0.000000,220,260,310,360,400,450,530,530,530,530,530,707,0,290,375.10278170867724,83.44883300014772,1795.9084339963738,44.0
1787310753,10,POST,POST /predict,4.500000,0.000000,240,280,310,360,410,500,780,780,780,780,780,711,0,290,376.071255218061,83.44883300014772,1795.9084339963738,44.0
1787310753,10,,Aggregated,4.500000,0.000000,240,280,310,360,410,500,780,780,780,780,780,711,0,290,376.071255218061,83.44883300014772,1795.9084339963738,44.0
1787310754,10,POST,POST /predict,4.500000,0.000000,240,270,290,310,380,500,780,780,780,780,780,714,0,290,375.5938631975394,83.44883300014772,1795.9084339963738,44.0
1787310754,10,,Aggregated,4.500000,0.000000,240,270,290,310,380,500,780,780,780,780,780,714,0,290,375.5938631975394,83.44883300014772,1795.9084339963738,44.0
1787310755,10,POST,POST /predict,4.700000,0.000000,250,280,310,360,410,620,780,780,780,780,780,719,0,290,375.01814918922184,83.44883300014772,1795.9084339963738,44.0
1787310755,10,,Aggregated,4.700000,0.000000,250,280,310,360,410,620,780,780,780,780,780,719,0,290,375.01814918922184,83.44883300014772,1795.9084339963738,44.0
1787310756,10,POST,POST /predict,4.500000,0.000000,260,290,310,330,380,500,780,780,780,780,780,725,0,290,374.07012409663054,83.44883300014772,1795.9084339963738,44.0
1787310756,10,,Aggregated,4.500000,0.000000,260,290,310,330,380,500,780,780,780,780,780,725,0,290,374.07012409663054,83.44883300014772,1795.9084339963738,44.0
1787310757,10,POST,POST /predict,4.400000,0.000000,260,300,320,360,410,500,780,780,780,780,780,727,0,290,374.17251602208506,83.44883300014772,1795.9084339963738,44.0
1787310757,10,,Aggregated,4.400000,0.000000,260,300,320,360,410,500,780,780,780,780,780,727,0,290,374.17251602208506,83.44883300014772,1795.9084339963738,44.0
1787310758,10,POST,POST /predict,4.100000,0.000000,260,320,380,410,620,780,780,780,780,780,780,730,0,290,375.5159407356823,83.44883300014772,1795.9084339963738,44.0
1787310758,10,,Aggregated,4.100000,0.000000,260,320,380,410,620,780,780,780,780,780,780,730,0,290,375.5159407356823,83.44883300014772,1795.9084339963738,44.0
1787310759,10,POST,POST /predict,4.200000,0.000000,260,320,380,440,730,780,780,780,780,780,780,736,0,290,374.98402586419144,83.44883300014772,1795.9084339963738,44.0
1787310759,10,,Aggregated,4.200000,0.000000,260,320,380,440,730,780,780,780,780,780,780,736,0,290,374.98402586419144,83.44883300014772,1795.9084339963738,44.0
1787310760,10,POST,POST /predict,4.200000,0.000000,260,320,360,390,620,740,780,780,780,780,780,741,0,290,374.0203307976355,83.44883300014772,1795.9084339963738,44.0
1787310760,10,,Aggregated,4.200000,0.000000,260,320,360,390,620,740,780,780,780,780,780,741,0,290,374.0203307976355,83.44883300014772,1795.9084339963738,44.0
1787310761,10,POST,POST /predict,4.000000,0.000000,290,350,380,420,620,740,780,780,780,780,780,745,0,290,373.9135918121425,83.44883300014772,1795.9084339963738,44.0
1787310761,10,,Aggregated,4.000000,0.000000,290,350,380,420,620,740,780,780,780,780,780,745,0,290,373.9135918121425,83.44883300014772,1795.9084339963738,44.0
1787310762,10,POST,POST /predict,4.100000,0.000000,300,360,390,430,730,780,780,780,780,780,780,747,0,290,373.8579696399533,83.44883300014772,1795.9084339963738,44.0
1787310762,10,,Aggregated,4.100000,0.000000,300,360,390,430,730,780,780,780,780,780,780,747,0,290,373.8579696399533,83.44883300014772,1795.9084339963738,44.0
1787310763,10,POST,POST /predict,4.500000,0.000000,290,350,360,380,440,730,780,780,780,780,780,753,0,290,372.97192710100023,83.44883300014772,1795.9084339963738,44.0
1787310763,10,,Aggregated,4.500000,0.000000,290,350,360,380,440,730,780,780,780,780,780,753,0,290,372.97192710100023,83.44883300014772,1795.9084339963738,44.0
1787310764,10,POST,POST /predict,4.300000,0.000000,300,360,370,390,590,740,780,780,780,780,780,757,0,290,372.48716249149004,83.44883300014772,1795.9084339963738,44.0
1787310764,10,,Aggregated,4.300000,0.000000,300,360,370,390,590,740,780,780,780,780,780,757,0,290,372.48716249149004,83.44883300014772,1795.9084339963738,44.0
